reconstitution_date,tier,symbol,mcap_rank,avg_mcap_cr,weight_pct,in_liquid_top500
2019-01-31,NIFTY50_proxy,RELIANCE,1,720430.6,14.7819,True
2019-01-31,NIFTY50_proxy,HINDUNILVR,2,374538.7,7.6849,True
2019-01-31,NIFTY50_proxy,ITC,3,343274.9,7.0434,True
2019-01-31,NIFTY50_proxy,KOTAKBANK,4,236018.6,4.8427,True
2019-01-31,NIFTY50_proxy,ICICIBANK,5,234922.9,4.8202,True
2019-01-31,NIFTY50_proxy,LT,6,193822.0,3.9769,True
2019-01-31,NIFTY50_proxy,ONGC,7,186330.5,3.8232,True
2019-01-31,NIFTY50_proxy,COALINDIA,8,148293.5,3.0427,True
2019-01-31,NIFTY50_proxy,HCLTECH,9,139799.4,2.8684,True
2019-01-31,NIFTY50_proxy,IOC,10,129195.7,2.6509,True
2019-01-31,NIFTY50_proxy,ASIANPAINT,11,128119.0,2.6288,True
2019-01-31,NIFTY50_proxy,SUNPHARMA,12,104884.4,2.152,True
2019-01-31,NIFTY50_proxy,POWERGRID,13,99311.0,2.0377,True
2019-01-31,NIFTY50_proxy,BAJAJFINSV,14,95921.7,1.9681,True
2019-01-31,NIFTY50_proxy,M&M,15,87973.5,1.8051,True
2019-01-31,NIFTY50_proxy,TITAN,16,86078.4,1.7662,True
2019-01-31,NIFTY50_proxy,BAJAJ-AUTO,17,78371.2,1.608,True
2019-01-31,NIFTY50_proxy,GAIL,18,77320.2,1.5865,True
2019-01-31,NIFTY50_proxy,BRITANNIA,19,74869.9,1.5362,True
2019-01-31,NIFTY50_proxy,DABUR,20,74674.2,1.5322,True
2019-01-31,NIFTY50_proxy,VEDL,21,73240.9,1.5028,True
2019-01-31,NIFTY50_proxy,GODREJCP,22,72528.1,1.4881,True
2019-01-31,NIFTY50_proxy,BPCL,23,67825.4,1.3917,True
2019-01-31,NIFTY50_proxy,EICHERMOT,24,59518.9,1.2212,True
2019-01-31,NIFTY50_proxy,HEROMOTOCO,25,58848.8,1.2075,True
2019-01-31,NIFTY50_proxy,PIDILITIND,26,57997.8,1.19,True
2019-01-31,NIFTY50_proxy,TATASTEEL,27,57718.9,1.1843,True
2019-01-31,NIFTY50_proxy,GRASIM,28,53592.9,1.0996,True
2019-01-31,NIFTY50_proxy,HINDALCO,29,48137.0,0.9877,True
2019-01-31,NIFTY50_proxy,MARICO,30,47890.2,0.9826,True
2019-01-31,NIFTY50_proxy,HAVELLS,31,44043.5,0.9037,True
2019-01-31,NIFTY50_proxy,PEL,32,43352.6,0.8895,True
2019-01-31,NIFTY50_proxy,DRREDDY,33,42944.6,0.8811,True
2019-01-31,NIFTY50_proxy,CIPLA,34,41672.9,0.8551,True
2019-01-31,NIFTY50_proxy,INDIGO,35,40811.6,0.8374,True
2019-01-31,NIFTY50_proxy,ZEEL,36,38797.4,0.7961,True
2019-01-31,NIFTY50_proxy,LUPIN,37,38503.4,0.79,True
2019-01-31,NIFTY50_proxy,SIEMENS,38,36484.0,0.7486,True
2019-01-31,NIFTY50_proxy,CONCOR,39,32634.0,0.6696,True
2019-01-31,NIFTY50_proxy,DLF,40,31603.0,0.6484,True
2019-01-31,NIFTY50_proxy,GSKCONS,41,31355.8,0.6434,True
2019-01-31,NIFTY50_proxy,NMDC,42,30198.0,0.6196,True
2019-01-31,NIFTY50_proxy,TORNTPHARM,43,30111.4,0.6178,True
2019-01-31,NIFTY50_proxy,HDFCAMC,44,29644.9,0.6083,True
2019-01-31,NIFTY50_proxy,ASHOKLEY,45,28870.1,0.5924,True
2019-01-31,NIFTY50_proxy,MRF,46,28110.3,0.5768,True
2019-01-31,NIFTY50_proxy,HAL,47,25986.1,0.5332,False
2019-01-31,NIFTY50_proxy,GLAXO,48,23806.8,0.4885,True
2019-01-31,NIFTY50_proxy,SAIL,49,21741.3,0.4461,True
2019-01-31,NIFTY50_proxy,BEL,50,21603.7,0.4433,True
2019-07-31,NIFTY50_proxy,RELIANCE,1,524368.9,10.039,True
2019-07-31,NIFTY50_proxy,HDFCBANK,2,474461.7,9.0836,True
2019-07-31,NIFTY50_proxy,ITC,3,348572.2,6.6734,True
2019-07-31,NIFTY50_proxy,HDFC,4,347445.0,6.6518,True
2019-07-31,NIFTY50_proxy,INFY,5,296710.1,5.6805,True
2019-07-31,NIFTY50_proxy,ICICIBANK,6,264174.7,5.0576,True
2019-07-31,NIFTY50_proxy,TCS,7,227479.5,4.3551,True
2019-07-31,NIFTY50_proxy,HINDUNILVR,8,207957.9,3.9814,True
2019-07-31,NIFTY50_proxy,KOTAKBANK,9,206730.5,3.9579,True
2019-07-31,NIFTY50_proxy,LT,10,196854.5,3.7688,True
2019-07-31,NIFTY50_proxy,AXISBANK,11,161923.2,3.1,True
2019-07-31,NIFTY50_proxy,SBIN,12,128305.9,2.4564,True
2019-07-31,NIFTY50_proxy,ONGC,13,112561.2,2.155,True
2019-07-31,NIFTY50_proxy,ASIANPAINT,14,87863.9,1.6822,True
2019-07-31,NIFTY50_proxy,HCLTECH,15,87700.7,1.679,True
2019-07-31,NIFTY50_proxy,COALINDIA,16,76191.1,1.4587,True
2019-07-31,NIFTY50_proxy,IOC,17,73551.8,1.4081,True
2019-07-31,NIFTY50_proxy,BAJAJFINSV,18,68188.4,1.3055,True
2019-07-31,NIFTY50_proxy,SUNPHARMA,19,66318.3,1.2697,True
2019-07-31,NIFTY50_proxy,M&M,20,66183.8,1.2671,True
2019-07-31,NIFTY50_proxy,TITAN,21,65938.9,1.2624,True
2019-07-31,NIFTY50_proxy,POWERGRID,22,63333.5,1.2125,True
2019-07-31,NIFTY50_proxy,BAJAJ-AUTO,23,54339.9,1.0403,True
2019-07-31,NIFTY50_proxy,TECHM,24,50424.5,0.9654,True
2019-07-31,NIFTY50_proxy,GAIL,25,48344.7,0.9256,True
2019-07-31,NIFTY50_proxy,ULTRACEMCO,26,47536.8,0.9101,True
2019-07-31,NIFTY50_proxy,BRITANNIA,27,46957.6,0.899,True
2019-07-31,NIFTY50_proxy,BPCL,28,46129.7,0.8832,True
2019-07-31,NIFTY50_proxy,JSWSTEEL,29,45660.2,0.8742,True
2019-07-31,NIFTY50_proxy,TATASTEEL,30,45081.7,0.8631,True
2019-07-31,NIFTY50_proxy,WIPRO,31,44409.6,0.8502,True
2019-07-31,NIFTY50_proxy,VEDL,32,41608.9,0.7966,True
2019-07-31,NIFTY50_proxy,HEROMOTOCO,33,40579.5,0.7769,True
2019-07-31,NIFTY50_proxy,DABUR,34,40521.5,0.7758,True
2019-07-31,NIFTY50_proxy,GRASIM,35,40062.7,0.767,True
2019-07-31,NIFTY50_proxy,GODREJCP,36,39654.6,0.7592,True
2019-07-31,NIFTY50_proxy,EICHERMOT,37,37130.6,0.7109,True
2019-07-31,NIFTY50_proxy,DRREDDY,38,36651.8,0.7017,True
2019-07-31,NIFTY50_proxy,UPL,39,34899.0,0.6681,True
2019-07-31,NIFTY50_proxy,HINDALCO,40,34388.4,0.6584,True
2019-07-31,NIFTY50_proxy,CIPLA,41,33047.7,0.6327,True
2019-07-31,NIFTY50_proxy,HINDZINC,42,32541.8,0.623,True
2019-07-31,NIFTY50_proxy,PIDILITIND,43,31964.9,0.612,True
2019-07-31,NIFTY50_proxy,ADANIPORTS,44,31636.5,0.6057,True
2019-07-31,NIFTY50_proxy,PEL,45,30785.4,0.5894,True
2019-07-31,NIFTY50_proxy,ZEEL,46,28570.8,0.547,True
2019-07-31,NIFTY50_proxy,HAVELLS,47,27731.0,0.5309,True
2019-07-31,NIFTY50_proxy,MARICO,48,27445.5,0.5254,True
2019-07-31,NIFTY50_proxy,RBLBANK,49,26484.3,0.507,True
2019-07-31,NIFTY50_proxy,SHREECEM,50,25890.6,0.4957,True
2020-01-31,NIFTY50_proxy,HDFCBANK,1,488077.2,10.4136,True
2020-01-31,NIFTY50_proxy,RELIANCE,2,424034.6,9.0472,True
2020-01-31,NIFTY50_proxy,HDFC,3,376078.8,8.024,True
2020-01-31,NIFTY50_proxy,ICICIBANK,4,344700.6,7.3545,True
2020-01-31,NIFTY50_proxy,ITC,5,300954.9,6.4211,True
2020-01-31,NIFTY50_proxy,INFY,6,283816.4,6.0555,True
2020-01-31,NIFTY50_proxy,TCS,7,225265.1,4.8062,True
2020-01-31,NIFTY50_proxy,KOTAKBANK,8,210231.4,4.4855,True
2020-01-31,NIFTY50_proxy,LT,9,190958.0,4.0743,True
2020-01-31,NIFTY50_proxy,AXISBANK,10,151721.1,3.2371,True
2020-01-31,NIFTY50_proxy,HINDUNILVR,11,140591.8,2.9997,True
2020-01-31,NIFTY50_proxy,SBIN,12,114116.2,2.4348,True
2020-01-31,NIFTY50_proxy,ASIANPAINT,13,77794.1,1.6598,True
2020-01-31,NIFTY50_proxy,INDUSINDBK,14,75597.1,1.6129,True
2020-01-31,NIFTY50_proxy,HCLTECH,15,60952.3,1.3005,True
2020-01-31,NIFTY50_proxy,ONGC,16,60558.3,1.2921,True
2020-01-31,NIFTY50_proxy,IOC,17,59585.1,1.2713,True
2020-01-31,NIFTY50_proxy,BAJAJFINSV,18,53073.4,1.1324,True
2020-01-31,NIFTY50_proxy,M&M,19,52370.0,1.1174,True
2020-01-31,NIFTY50_proxy,TITAN,20,49339.7,1.0527,True
2020-01-31,NIFTY50_proxy,SUNPHARMA,21,46606.3,0.9944,True
2020-01-31,NIFTY50_proxy,POWERGRID,22,45913.3,0.9796,True
2020-01-31,NIFTY50_proxy,ULTRACEMCO,23,44585.7,0.9513,True
2020-01-31,NIFTY50_proxy,BPCL,24,42062.1,0.8974,True
2020-01-31,NIFTY50_proxy,TECHM,25,41943.2,0.8949,True
2020-01-31,NIFTY50_proxy,BAJAJ-AUTO,26,40745.0,0.8693,True
2020-01-31,NIFTY50_proxy,WIPRO,27,38820.0,0.8283,True
2020-01-31,NIFTY50_proxy,COALINDIA,28,37367.7,0.7973,True
2020-01-31,NIFTY50_proxy,BRITANNIA,29,35279.8,0.7527,True
2020-01-31,NIFTY50_proxy,DRREDDY,30,33926.5,0.7239,True
2020-01-31,NIFTY50_proxy,JSWSTEEL,31,33556.5,0.716,True
2020-01-31,NIFTY50_proxy,HEROMOTOCO,32,33164.5,0.7076,True
2020-01-31,NIFTY50_proxy,TATASTEEL,33,31311.4,0.6681,True
2020-01-31,NIFTY50_proxy,UPL,34,31280.8,0.6674,True
2020-01-31,NIFTY50_proxy,HINDZINC,35,31201.8,0.6657,True
2020-01-31,NIFTY50_proxy,ADANIPORTS,36,29592.4,0.6314,True
2020-01-31,NIFTY50_proxy,GRASIM,37,29345.1,0.6261,True
2020-01-31,NIFTY50_proxy,HINDALCO,38,28423.6,0.6064,True
2020-01-31,NIFTY50_proxy,VEDL,39,27282.0,0.5821,True
2020-01-31,NIFTY50_proxy,EICHERMOT,40,27245.5,0.5813,True
2020-01-31,NIFTY50_proxy,GAIL,41,27062.4,0.5774,True
2020-01-31,NIFTY50_proxy,DABUR,42,25931.3,0.5533,True
2020-01-31,NIFTY50_proxy,GODREJCP,43,25671.9,0.5477,True
2020-01-31,NIFTY50_proxy,SHREECEM,44,25418.5,0.5423,True
2020-01-31,NIFTY50_proxy,TATAMTRDVR,45,25224.7,0.5382,True
2020-01-31,NIFTY50_proxy,CIPLA,46,23703.4,0.5057,True
2020-01-31,NIFTY50_proxy,DMART,47,21954.4,0.4684,True
2020-01-31,NIFTY50_proxy,ZEEL,48,21638.6,0.4617,True
2020-01-31,NIFTY50_proxy,PIDILITIND,49,20883.2,0.4456,True
2020-01-31,NIFTY50_proxy,PETRONET,50,19980.4,0.4263,True
2020-07-31,NIFTY50_proxy,RELIANCE,1,443348.9,10.4399,True
2020-07-31,NIFTY50_proxy,HDFCBANK,2,413593.8,9.7392,True
2020-07-31,NIFTY50_proxy,HDFC,3,318019.3,7.4887,True
2020-07-31,NIFTY50_proxy,ICICIBANK,4,274134.5,6.4553,True
2020-07-31,NIFTY50_proxy,INFY,5,268469.4,6.3219,True
2020-07-31,NIFTY50_proxy,ITC,6,229597.9,5.4065,True
2020-07-31,NIFTY50_proxy,TCS,7,210426.6,4.9551,True
2020-07-31,NIFTY50_proxy,KOTAKBANK,8,183533.3,4.3218,True
2020-07-31,NIFTY50_proxy,HINDUNILVR,9,167816.5,3.9517,True
2020-07-31,NIFTY50_proxy,LT,10,135673.7,3.1948,True
2020-07-31,NIFTY50_proxy,BHARTIARTL,11,113296.7,2.6679,True
2020-07-31,NIFTY50_proxy,AXISBANK,12,103943.8,2.4476,True
2020-07-31,NIFTY50_proxy,SBIN,13,82740.8,1.9484,True
2020-07-31,NIFTY50_proxy,ASIANPAINT,14,77419.1,1.8231,True
2020-07-31,NIFTY50_proxy,MARUTI,15,75796.1,1.7848,True
2020-07-31,NIFTY50_proxy,HCLTECH,16,59102.9,1.3917,True
2020-07-31,NIFTY50_proxy,SUNPHARMA,17,48282.3,1.1369,True
2020-07-31,NIFTY50_proxy,NTPC,18,44955.9,1.0586,True
2020-07-31,NIFTY50_proxy,DRREDDY,19,44174.2,1.0402,True
2020-07-31,NIFTY50_proxy,TITAN,20,42585.6,1.0028,True
2020-07-31,NIFTY50_proxy,POWERGRID,21,42201.7,0.9938,True
2020-07-31,NIFTY50_proxy,ULTRACEMCO,22,42173.6,0.9931,True
2020-07-31,NIFTY50_proxy,M&M,23,40770.8,0.9601,True
2020-07-31,NIFTY50_proxy,IOC,24,40041.0,0.9429,True
2020-07-31,NIFTY50_proxy,ONGC,25,39824.6,0.9378,True
2020-07-31,NIFTY50_proxy,BAJAJFINSV,26,39132.1,0.9215,True
2020-07-31,NIFTY50_proxy,BRITANNIA,27,37793.5,0.89,True
2020-07-31,NIFTY50_proxy,INDUSINDBK,28,36488.5,0.8592,True
2020-07-31,NIFTY50_proxy,BAJAJ-AUTO,29,36055.5,0.849,True
2020-07-31,NIFTY50_proxy,BPCL,30,35120.5,0.827,True
2020-07-31,NIFTY50_proxy,DMART,31,34253.5,0.8066,True
2020-07-31,NIFTY50_proxy,TECHM,32,34190.0,0.8051,True
2020-07-31,NIFTY50_proxy,WIPRO,33,32992.0,0.7769,True
2020-07-31,NIFTY50_proxy,COALINDIA,34,29217.1,0.688,True
2020-07-31,NIFTY50_proxy,HEROMOTOCO,35,28972.2,0.6822,True
2020-07-31,NIFTY50_proxy,CIPLA,36,28249.7,0.6652,True
2020-07-31,NIFTY50_proxy,JSWSTEEL,37,27444.8,0.6463,True
2020-07-31,NIFTY50_proxy,SHREECEM,38,27418.4,0.6456,True
2020-07-31,NIFTY50_proxy,DABUR,39,26710.4,0.629,True
2020-07-31,NIFTY50_proxy,HINDZINC,40,26092.2,0.6144,True
2020-07-31,NIFTY50_proxy,TATASTEEL,41,25337.7,0.5966,True
2020-07-31,NIFTY50_proxy,ADANIPORTS,42,24400.0,0.5746,True
2020-07-31,NIFTY50_proxy,UPL,43,23491.8,0.5532,True
2020-07-31,NIFTY50_proxy,GRASIM,44,23285.5,0.5483,True
2020-07-31,NIFTY50_proxy,EICHERMOT,45,23204.6,0.5464,True
2020-07-31,NIFTY50_proxy,GODREJCP,46,22720.3,0.535,True
2020-07-31,NIFTY50_proxy,PIDILITIND,47,21764.9,0.5125,True
2020-07-31,NIFTY50_proxy,GAIL,48,20832.6,0.4906,True
2020-07-31,NIFTY50_proxy,HINDALCO,49,20557.3,0.4841,True
2020-07-31,NIFTY50_proxy,LUPIN,50,19030.0,0.4481,True
2021-01-31,NIFTY50_proxy,RELIANCE,1,649734.7,12.0446,True
2021-01-31,NIFTY50_proxy,HDFCBANK,2,509614.4,9.4471,True
2021-01-31,NIFTY50_proxy,INFY,3,407268.5,7.5498,True
2021-01-31,NIFTY50_proxy,HDFC,4,365992.5,6.7847,True
2021-01-31,NIFTY50_proxy,ICICIBANK,5,324083.6,6.0078,True
2021-01-31,NIFTY50_proxy,TCS,6,279927.2,5.1892,True
2021-01-31,NIFTY50_proxy,ITC,7,234755.1,4.3518,True
2021-01-31,NIFTY50_proxy,KOTAKBANK,8,227144.0,4.2107,True
2021-01-31,NIFTY50_proxy,HINDUNILVR,9,182913.4,3.3908,True
2021-01-31,NIFTY50_proxy,LT,10,149838.3,2.7777,True
2021-01-31,NIFTY50_proxy,AXISBANK,11,128718.4,2.3862,True
2021-01-31,NIFTY50_proxy,BHARTIARTL,12,114352.6,2.1198,True
2021-01-31,NIFTY50_proxy,BAJFINANCE,13,111354.0,2.0643,True
2021-01-31,NIFTY50_proxy,ASIANPAINT,14,100499.2,1.863,True
2021-01-31,NIFTY50_proxy,MARUTI,15,94709.9,1.7557,True
2021-01-31,NIFTY50_proxy,SBIN,16,90206.0,1.6722,True
2021-01-31,NIFTY50_proxy,HCLTECH,17,90019.8,1.6688,True
2021-01-31,NIFTY50_proxy,M&M,18,59579.7,1.1045,True
2021-01-31,NIFTY50_proxy,DRREDDY,19,59417.9,1.1015,True
2021-01-31,NIFTY50_proxy,SUNPHARMA,20,58088.5,1.0768,True
2021-01-31,NIFTY50_proxy,TITAN,21,54003.4,1.0011,True
2021-01-31,NIFTY50_proxy,ULTRACEMCO,22,53194.5,0.9861,True
2021-01-31,NIFTY50_proxy,WIPRO,23,50892.3,0.9434,True
2021-01-31,NIFTY50_proxy,TECHM,24,47539.7,0.8813,True
2021-01-31,NIFTY50_proxy,POWERGRID,25,46163.1,0.8558,True
2021-01-31,NIFTY50_proxy,BAJAJFINSV,26,45152.5,0.837,True
2021-01-31,NIFTY50_proxy,NTPC,27,44903.6,0.8324,True
2021-01-31,NIFTY50_proxy,JSWSTEEL,28,43611.4,0.8085,True
2021-01-31,NIFTY50_proxy,BRITANNIA,29,43610.4,0.8084,True
2021-01-31,NIFTY50_proxy,DIVISLAB,30,43126.8,0.7995,True
2021-01-31,NIFTY50_proxy,INDUSINDBK,31,42481.8,0.7875,True
2021-01-31,NIFTY50_proxy,BAJAJ-AUTO,32,42420.1,0.7864,True
2021-01-31,NIFTY50_proxy,ONGC,33,40088.6,0.7432,True
2021-01-31,NIFTY50_proxy,HEROMOTOCO,34,39884.4,0.7394,True
2021-01-31,NIFTY50_proxy,CIPLA,35,39478.4,0.7318,True
2021-01-31,NIFTY50_proxy,IOC,36,38154.2,0.7073,True
2021-01-31,NIFTY50_proxy,DMART,37,37769.8,0.7002,True
2021-01-31,NIFTY50_proxy,TATASTEEL,38,36890.4,0.6839,True
2021-01-31,NIFTY50_proxy,BPCL,39,35858.1,0.6647,True
2021-01-31,NIFTY50_proxy,HINDZINC,40,34540.8,0.6403,True
2021-01-31,NIFTY50_proxy,EICHERMOT,41,32645.7,0.6052,True
2021-01-31,NIFTY50_proxy,GRASIM,42,31543.1,0.5847,True
2021-01-31,NIFTY50_proxy,BANDHANBNK,43,30352.1,0.5627,True
2021-01-31,NIFTY50_proxy,HINDALCO,44,29884.7,0.554,True
2021-01-31,NIFTY50_proxy,SHREECEM,45,29804.1,0.5525,True
2021-01-31,NIFTY50_proxy,ADANIPORTS,46,29800.1,0.5524,True
2021-01-31,NIFTY50_proxy,NAUKRI,47,29566.2,0.5481,True
2021-01-31,NIFTY50_proxy,DABUR,48,29069.5,0.5389,True
2021-01-31,NIFTY50_proxy,TATACONSUM,49,26971.8,0.5,True
2021-01-31,NIFTY50_proxy,COALINDIA,50,26776.2,0.4964,True
2021-07-31,NIFTY50_proxy,RELIANCE,1,652999.2,9.7761,True
2021-07-31,NIFTY50_proxy,HDFCBANK,2,607389.2,9.0933,True
2021-07-31,NIFTY50_proxy,INFY,3,518674.9,7.7652,True
2021-07-31,NIFTY50_proxy,ICICIBANK,4,462440.7,6.9233,True
2021-07-31,NIFTY50_proxy,HDFC,5,452920.8,6.7807,True
2021-07-31,NIFTY50_proxy,TCS,6,330031.0,4.9409,True
2021-07-31,NIFTY50_proxy,KOTAKBANK,7,261375.4,3.9131,True
2021-07-31,NIFTY50_proxy,ITC,8,257990.6,3.8624,True
2021-07-31,NIFTY50_proxy,HINDUNILVR,9,209881.8,3.1422,True
2021-07-31,NIFTY50_proxy,LT,10,206334.9,3.0891,True
2021-07-31,NIFTY50_proxy,AXISBANK,11,184143.9,2.7568,True
2021-07-31,NIFTY50_proxy,SBIN,12,152878.8,2.2888,True
2021-07-31,NIFTY50_proxy,BAJFINANCE,13,144956.3,2.1702,True
2021-07-31,NIFTY50_proxy,BHARTIARTL,14,130290.6,1.9506,True
2021-07-31,NIFTY50_proxy,ASIANPAINT,15,122371.0,1.832,True
2021-07-31,NIFTY50_proxy,HCLTECH,16,103781.5,1.5537,True
2021-07-31,NIFTY50_proxy,MARUTI,17,93597.4,1.4013,True
2021-07-31,NIFTY50_proxy,JSWSTEEL,18,79925.8,1.1966,True
2021-07-31,NIFTY50_proxy,ULTRACEMCO,19,76958.5,1.1522,True
2021-07-31,NIFTY50_proxy,WIPRO,20,75142.1,1.125,True
2021-07-31,NIFTY50_proxy,TATASTEEL,21,73647.1,1.1026,True
2021-07-31,NIFTY50_proxy,M&M,22,72165.6,1.0804,True
2021-07-31,NIFTY50_proxy,SUNPHARMA,23,70984.0,1.0627,True
2021-07-31,NIFTY50_proxy,BAJAJFINSV,24,68633.4,1.0275,True
2021-07-31,NIFTY50_proxy,TITAN,25,65740.1,0.9842,True
2021-07-31,NIFTY50_proxy,DRREDDY,26,60487.2,0.9056,True
2021-07-31,NIFTY50_proxy,INDUSINDBK,27,58458.8,0.8752,True
2021-07-31,NIFTY50_proxy,TECHM,28,57084.8,0.8546,True
2021-07-31,NIFTY50_proxy,POWERGRID,29,56889.4,0.8517,True
2021-07-31,NIFTY50_proxy,ONGC,30,55725.7,0.8343,True
2021-07-31,NIFTY50_proxy,ADANIGREEN,31,53785.5,0.8052,True
2021-07-31,NIFTY50_proxy,GRASIM,32,53628.8,0.8029,True
2021-07-31,NIFTY50_proxy,NTPC,33,52971.6,0.793,True
2021-07-31,NIFTY50_proxy,ADANIPORTS,34,52955.9,0.7928,True
2021-07-31,NIFTY50_proxy,BAJAJ-AUTO,35,52896.0,0.7919,True
2021-07-31,NIFTY50_proxy,HINDALCO,36,52332.2,0.7835,True
2021-07-31,NIFTY50_proxy,DIVISLAB,37,50938.3,0.7626,True
2021-07-31,NIFTY50_proxy,DMART,38,49965.0,0.748,True
2021-07-31,NIFTY50_proxy,TATAMTRDVR,39,46532.9,0.6967,True
2021-07-31,NIFTY50_proxy,HINDZINC,40,46489.4,0.696,True
2021-07-31,NIFTY50_proxy,CIPLA,41,45440.7,0.6803,True
2021-07-31,NIFTY50_proxy,IOC,42,45275.6,0.6778,True
2021-07-31,NIFTY50_proxy,BRITANNIA,43,41863.2,0.6267,True
2021-07-31,NIFTY50_proxy,BPCL,44,41219.5,0.6171,True
2021-07-31,NIFTY50_proxy,TATACONSUM,45,40520.5,0.6066,True
2021-07-31,NIFTY50_proxy,HEROMOTOCO,46,39655.4,0.5937,True
2021-07-31,NIFTY50_proxy,UPL,47,38223.8,0.5723,True
2021-07-31,NIFTY50_proxy,SHREECEM,48,37900.6,0.5674,True
2021-07-31,NIFTY50_proxy,NAUKRI,49,36718.1,0.5497,True
2021-07-31,NIFTY50_proxy,EICHERMOT,50,36305.6,0.5435,True
2022-01-31,NIFTY50_proxy,RELIANCE,1,770399.8,9.9253,True
2022-01-31,NIFTY50_proxy,INFY,2,644056.6,8.2976,True
2022-01-31,NIFTY50_proxy,HDFCBANK,3,631270.2,8.1329,True
2022-01-31,NIFTY50_proxy,ICICIBANK,4,548460.3,7.066,True
2022-01-31,NIFTY50_proxy,HDFC,5,493993.6,6.3643,True
2022-01-31,NIFTY50_proxy,TCS,6,378077.7,4.8709,True
2022-01-31,NIFTY50_proxy,KOTAKBANK,7,278489.6,3.5879,True
2022-01-31,NIFTY50_proxy,ITC,8,275433.9,3.5485,True
2022-01-31,NIFTY50_proxy,LT,9,252204.8,3.2492,True
2022-01-31,NIFTY50_proxy,HINDUNILVR,10,222057.2,2.8608,True
2022-01-31,NIFTY50_proxy,AXISBANK,11,203501.0,2.6218,True
2022-01-31,NIFTY50_proxy,BAJFINANCE,12,190130.3,2.4495,True
2022-01-31,NIFTY50_proxy,SBIN,13,183306.7,2.3616,True
2022-01-31,NIFTY50_proxy,BHARTIARTL,14,165485.8,2.132,True
2022-01-31,NIFTY50_proxy,ASIANPAINT,15,145692.4,1.877,True
2022-01-31,NIFTY50_proxy,HCLTECH,16,128904.2,1.6607,True
2022-01-31,NIFTY50_proxy,BAJAJFINSV,17,105750.3,1.3624,True
2022-01-31,NIFTY50_proxy,WIPRO,18,98003.3,1.2626,True
2022-01-31,NIFTY50_proxy,TATASTEEL,19,97775.7,1.2597,True
2022-01-31,NIFTY50_proxy,MARUTI,20,97478.9,1.2559,True
2022-01-31,NIFTY50_proxy,TITAN,21,94740.2,1.2206,True
2022-01-31,NIFTY50_proxy,JSWSTEEL,22,90907.0,1.1712,True
2022-01-31,NIFTY50_proxy,SUNPHARMA,23,87098.6,1.1221,True
2022-01-31,NIFTY50_proxy,ULTRACEMCO,24,87073.6,1.1218,True
2022-01-31,NIFTY50_proxy,TECHM,25,85675.1,1.1038,True
2022-01-31,NIFTY50_proxy,M&M,26,74669.6,0.962,True
2022-01-31,NIFTY50_proxy,TATAMTRDVR,27,73305.9,0.9444,True
2022-01-31,NIFTY50_proxy,ADANIGREEN,28,71993.6,0.9275,True
2022-01-31,NIFTY50_proxy,DMART,29,71154.5,0.9167,True
2022-01-31,NIFTY50_proxy,ONGC,30,71127.8,0.9164,True
2022-01-31,NIFTY50_proxy,HINDALCO,31,67548.0,0.8702,True
2022-01-31,NIFTY50_proxy,POWERGRID,32,65381.4,0.8423,True
2022-01-31,NIFTY50_proxy,INDUSINDBK,33,64397.6,0.8297,True
2022-01-31,NIFTY50_proxy,GRASIM,34,63149.7,0.8136,True
2022-01-31,NIFTY50_proxy,NTPC,35,61840.2,0.7967,True
2022-01-31,NIFTY50_proxy,DIVISLAB,36,61695.2,0.7948,True
2022-01-31,NIFTY50_proxy,DRREDDY,37,57416.5,0.7397,True
2022-01-31,NIFTY50_proxy,ADANIPORTS,38,54032.5,0.6961,True
2022-01-31,NIFTY50_proxy,IOC,39,53221.8,0.6857,True
2022-01-31,NIFTY50_proxy,HINDZINC,40,48274.7,0.6219,True
2022-01-31,NIFTY50_proxy,BAJAJ-AUTO,41,48196.1,0.6209,True
2022-01-31,NIFTY50_proxy,TATACONSUM,42,47863.9,0.6166,True
2022-01-31,NIFTY50_proxy,CIPLA,43,47285.2,0.6092,True
2022-01-31,NIFTY50_proxy,APOLLOHOSP,44,46996.9,0.6055,True
2022-01-31,NIFTY50_proxy,NAUKRI,45,46756.0,0.6024,True
2022-01-31,NIFTY50_proxy,BRITANNIA,46,44453.5,0.5727,True
2022-01-31,NIFTY50_proxy,ADANIENT,47,44194.3,0.5694,True
2022-01-31,NIFTY50_proxy,UPL,48,41149.6,0.5301,True
2022-01-31,NIFTY50_proxy,VEDL,49,40497.8,0.5217,True
2022-01-31,NIFTY50_proxy,BPCL,50,39409.0,0.5077,True
2022-07-31,NIFTY50_proxy,RELIANCE,1,809680.0,10.762,True
2022-07-31,NIFTY50_proxy,INFY,2,592722.1,7.8783,True
2022-07-31,NIFTY50_proxy,HDFCBANK,3,576847.9,7.6673,True
2022-07-31,NIFTY50_proxy,ICICIBANK,4,529433.7,7.037,True
2022-07-31,NIFTY50_proxy,HDFC,5,412634.2,5.4846,True
2022-07-31,NIFTY50_proxy,TCS,6,355844.4,4.7298,True
2022-07-31,NIFTY50_proxy,ITC,7,319165.6,4.2422,True
2022-07-31,NIFTY50_proxy,KOTAKBANK,8,259593.1,3.4504,True
2022-07-31,NIFTY50_proxy,LT,9,238854.7,3.1748,True
2022-07-31,NIFTY50_proxy,HINDUNILVR,10,200743.5,2.6682,True
2022-07-31,NIFTY50_proxy,AXISBANK,11,198800.0,2.6424,True
2022-07-31,NIFTY50_proxy,SBIN,12,189066.9,2.513,True
2022-07-31,NIFTY50_proxy,BHARTIARTL,13,169236.1,2.2494,True
2022-07-31,NIFTY50_proxy,BAJFINANCE,14,169221.7,2.2492,True
2022-07-31,NIFTY50_proxy,ASIANPAINT,15,136470.7,1.8139,True
2022-07-31,NIFTY50_proxy,HCLTECH,16,114391.2,1.5204,True
2022-07-31,NIFTY50_proxy,ADANIGREEN,17,109158.3,1.4509,True
2022-07-31,NIFTY50_proxy,MARUTI,18,105158.5,1.3977,True
2022-07-31,NIFTY50_proxy,TITAN,19,96925.1,1.2883,True
2022-07-31,NIFTY50_proxy,SUNPHARMA,20,96008.1,1.2761,True
2022-07-31,NIFTY50_proxy,TATASTEEL,21,89625.0,1.1913,True
2022-07-31,NIFTY50_proxy,BAJAJFINSV,22,88504.2,1.1764,True
2022-07-31,NIFTY50_proxy,JSWSTEEL,23,84107.8,1.1179,True
2022-07-31,NIFTY50_proxy,M&M,24,83325.5,1.1075,True
2022-07-31,NIFTY50_proxy,ONGC,25,80062.9,1.0642,True
2022-07-31,NIFTY50_proxy,TATAMTRDVR,26,75428.0,1.0026,True
2022-07-31,NIFTY50_proxy,WIPRO,27,74546.7,0.9908,True
2022-07-31,NIFTY50_proxy,POWERGRID,28,73981.2,0.9833,True
2022-07-31,NIFTY50_proxy,ULTRACEMCO,29,72504.0,0.9637,True
2022-07-31,NIFTY50_proxy,TECHM,30,70968.7,0.9433,True
2022-07-31,NIFTY50_proxy,NTPC,31,68601.5,0.9118,True
2022-07-31,NIFTY50_proxy,HINDALCO,32,67908.7,0.9026,True
2022-07-31,NIFTY50_proxy,ATGL,33,64930.8,0.863,True
2022-07-31,NIFTY50_proxy,DMART,34,63187.7,0.8399,True
2022-07-31,NIFTY50_proxy,ADANIENT,35,60041.0,0.798,True
2022-07-31,NIFTY50_proxy,INDUSINDBK,36,58895.5,0.7828,True
2022-07-31,NIFTY50_proxy,GRASIM,37,57825.5,0.7686,True
2022-07-31,NIFTY50_proxy,ADANIPORTS,38,52679.7,0.7002,True
2022-07-31,NIFTY50_proxy,IOC,39,52340.2,0.6957,True
2022-07-31,NIFTY50_proxy,DIVISLAB,40,51845.2,0.6891,True
2022-07-31,NIFTY50_proxy,DRREDDY,41,51334.9,0.6823,True
2022-07-31,NIFTY50_proxy,CIPLA,42,51159.8,0.68,True
2022-07-31,NIFTY50_proxy,BAJAJ-AUTO,43,49384.8,0.6564,True
2022-07-31,NIFTY50_proxy,TATACONSUM,44,45146.7,0.6001,True
2022-07-31,NIFTY50_proxy,HINDZINC,45,44673.2,0.5938,True
2022-07-31,NIFTY50_proxy,UPL,46,43389.7,0.5767,True
2022-07-31,NIFTY50_proxy,APOLLOHOSP,47,42900.1,0.5702,True
2022-07-31,NIFTY50_proxy,PAYTM,48,42081.8,0.5593,True
2022-07-31,NIFTY50_proxy,TATAPOWER,49,41214.1,0.5478,True
2022-07-31,NIFTY50_proxy,BRITANNIA,50,40971.0,0.5446,True
2023-01-31,NIFTY50_proxy,RELIANCE,1,840484.9,10.3078,True
2023-01-31,NIFTY50_proxy,ICICIBANK,2,635808.3,7.7976,True
2023-01-31,NIFTY50_proxy,HDFCBANK,3,635373.2,7.7923,True
2023-01-31,NIFTY50_proxy,INFY,4,544952.7,6.6833,True
2023-01-31,NIFTY50_proxy,HDFC,5,455719.4,5.589,True
2023-01-31,NIFTY50_proxy,ITC,6,411799.3,5.0503,True
2023-01-31,NIFTY50_proxy,TCS,7,332353.9,4.076,True
2023-01-31,NIFTY50_proxy,LT,8,281463.1,3.4519,True
2023-01-31,NIFTY50_proxy,KOTAKBANK,9,271602.1,3.331,True
2023-01-31,NIFTY50_proxy,AXISBANK,10,235957.9,2.8938,True
2023-01-31,NIFTY50_proxy,HINDUNILVR,11,232781.5,2.8549,True
2023-01-31,NIFTY50_proxy,SBIN,12,221755.6,2.7196,True
2023-01-31,NIFTY50_proxy,BHARTIARTL,13,196004.4,2.4038,True
2023-01-31,NIFTY50_proxy,BAJFINANCE,14,183086.0,2.2454,True
2023-01-31,NIFTY50_proxy,ADANIGREEN,15,148682.0,1.8234,True
2023-01-31,NIFTY50_proxy,ASIANPAINT,16,145064.6,1.7791,True
2023-01-31,NIFTY50_proxy,MARUTI,17,115970.8,1.4223,True
2023-01-31,NIFTY50_proxy,M&M,18,114536.9,1.4047,True
2023-01-31,NIFTY50_proxy,HCLTECH,19,108397.1,1.3294,True
2023-01-31,NIFTY50_proxy,TITAN,20,107440.2,1.3177,True
2023-01-31,NIFTY50_proxy,ADANIENT,21,106996.0,1.3122,True
2023-01-31,NIFTY50_proxy,SUNPHARMA,22,106121.8,1.3015,True
2023-01-31,NIFTY50_proxy,ATGL,23,97248.1,1.1927,True
2023-01-31,NIFTY50_proxy,JSWSTEEL,24,92074.6,1.1292,True
2023-01-31,NIFTY50_proxy,TATASTEEL,25,87080.0,1.068,True
2023-01-31,NIFTY50_proxy,NTPC,26,79109.8,0.9702,True
2023-01-31,NIFTY50_proxy,ULTRACEMCO,27,77929.4,0.9557,True
2023-01-31,NIFTY50_proxy,TATAMTRDVR,28,77172.7,0.9465,True
2023-01-31,NIFTY50_proxy,INDUSINDBK,29,75213.4,0.9224,True
2023-01-31,NIFTY50_proxy,POWERGRID,30,74450.4,0.9131,True
2023-01-31,NIFTY50_proxy,ONGC,31,71528.5,0.8772,True
2023-01-31,NIFTY50_proxy,DMART,32,67126.4,0.8232,True
2023-01-31,NIFTY50_proxy,GRASIM,33,63883.5,0.7835,True
2023-01-31,NIFTY50_proxy,HINDALCO,34,63496.1,0.7787,True
2023-01-31,NIFTY50_proxy,ADANIPORTS,35,61488.9,0.7541,True
2023-01-31,NIFTY50_proxy,TECHM,36,59662.1,0.7317,True
2023-01-31,NIFTY50_proxy,WIPRO,37,59383.2,0.7283,True
2023-01-31,NIFTY50_proxy,CIPLA,38,58134.7,0.713,True
2023-01-31,NIFTY50_proxy,DRREDDY,39,52562.3,0.6446,True
2023-01-31,NIFTY50_proxy,BAJAJ-AUTO,40,49054.1,0.6016,True
2023-01-31,NIFTY50_proxy,IOC,41,48757.8,0.598,True
2023-01-31,NIFTY50_proxy,BRITANNIA,42,47822.0,0.5865,True
2023-01-31,NIFTY50_proxy,COALINDIA,43,47580.7,0.5835,True
2023-01-31,NIFTY50_proxy,EICHERMOT,44,47301.9,0.5801,True
2023-01-31,NIFTY50_proxy,TATACONSUM,45,47185.3,0.5787,True
2023-01-31,NIFTY50_proxy,APOLLOHOSP,46,45097.0,0.5531,True
2023-01-31,NIFTY50_proxy,DIVISLAB,47,44944.8,0.5512,True
2023-01-31,NIFTY50_proxy,HINDZINC,48,44772.8,0.5491,True
2023-01-31,NIFTY50_proxy,UPL,49,41040.0,0.5033,True
2023-01-31,NIFTY50_proxy,PIDILITIND,50,40433.6,0.4959,True
2023-07-31,NIFTY50_proxy,RELIANCE,1,818642.6,10.4918,True
2023-07-31,NIFTY50_proxy,HDFCBANK,2,702438.4,9.0025,True
2023-07-31,NIFTY50_proxy,ICICIBANK,3,642340.1,8.2323,True
2023-07-31,NIFTY50_proxy,ITC,4,516759.0,6.6228,True
2023-07-31,NIFTY50_proxy,INFY,5,490494.4,6.2862,True
2023-07-31,NIFTY50_proxy,TCS,6,334067.9,4.2814,True
2023-07-31,NIFTY50_proxy,LT,7,321271.5,4.1174,True
2023-07-31,NIFTY50_proxy,KOTAKBANK,8,268625.2,3.4427,True
2023-07-31,NIFTY50_proxy,AXISBANK,9,255180.7,3.2704,True
2023-07-31,NIFTY50_proxy,HINDUNILVR,10,231040.2,2.961,True
2023-07-31,NIFTY50_proxy,SBIN,11,216385.0,2.7732,True
2023-07-31,NIFTY50_proxy,BHARTIARTL,12,203302.5,2.6055,True
2023-07-31,NIFTY50_proxy,BAJFINANCE,13,174679.7,2.2387,True
2023-07-31,NIFTY50_proxy,ASIANPAINT,14,138055.5,1.7693,True
2023-07-31,NIFTY50_proxy,MARUTI,15,119074.8,1.5261,True
2023-07-31,NIFTY50_proxy,M&M,16,118680.9,1.521,True
2023-07-31,NIFTY50_proxy,HCLTECH,17,118059.3,1.5131,True
2023-07-31,NIFTY50_proxy,TITAN,18,112835.0,1.4461,True
2023-07-31,NIFTY50_proxy,SUNPHARMA,19,108965.3,1.3965,True
2023-07-31,NIFTY50_proxy,JSWSTEEL,20,95387.2,1.2225,True
2023-07-31,NIFTY50_proxy,TATAMTRDVR,21,93836.6,1.2026,True
2023-07-31,NIFTY50_proxy,ULTRACEMCO,22,88951.0,1.14,True
2023-07-31,NIFTY50_proxy,TATASTEEL,23,88854.6,1.1388,True
2023-07-31,NIFTY50_proxy,NTPC,24,84697.9,1.0855,True
2023-07-31,NIFTY50_proxy,ONGC,25,81769.3,1.048,True
2023-07-31,NIFTY50_proxy,POWERGRID,26,79484.4,1.0187,True
2023-07-31,NIFTY50_proxy,INDUSINDBK,27,77823.1,0.9974,True
2023-07-31,NIFTY50_proxy,ADANIENT,28,69201.8,0.8869,True
2023-07-31,NIFTY50_proxy,ADANIGREEN,29,67491.8,0.865,True
2023-07-31,NIFTY50_proxy,GRASIM,30,63669.7,0.816,True
2023-07-31,NIFTY50_proxy,TECHM,31,62418.5,0.8,True
2023-07-31,NIFTY50_proxy,HINDALCO,32,61492.8,0.7881,True
2023-07-31,NIFTY50_proxy,DMART,33,58043.3,0.7439,True
2023-07-31,NIFTY50_proxy,WIPRO,34,57646.4,0.7388,True
2023-07-31,NIFTY50_proxy,DRREDDY,35,57581.9,0.738,True
2023-07-31,NIFTY50_proxy,IOC,36,56945.3,0.7298,True
2023-07-31,NIFTY50_proxy,BAJAJ-AUTO,37,55927.8,0.7168,True
2023-07-31,NIFTY50_proxy,BRITANNIA,38,55026.5,0.7052,True
2023-07-31,NIFTY50_proxy,ADANIPORTS,39,53783.3,0.6893,True
2023-07-31,NIFTY50_proxy,BAJAJFINSV,40,53654.0,0.6876,True
2023-07-31,NIFTY50_proxy,CIPLA,41,51623.4,0.6616,True
2023-07-31,NIFTY50_proxy,COALINDIA,42,48092.7,0.6164,True
2023-07-31,NIFTY50_proxy,APOLLOHOSP,43,47282.2,0.606,True
2023-07-31,NIFTY50_proxy,HINDZINC,44,46731.6,0.5989,True
2023-07-31,NIFTY50_proxy,TATACONSUM,45,46643.6,0.5978,True
2023-07-31,NIFTY50_proxy,EICHERMOT,46,46110.3,0.591,True
2023-07-31,NIFTY50_proxy,PAYTM,47,44194.1,0.5664,True
2023-07-31,NIFTY50_proxy,DIVISLAB,48,41268.9,0.5289,True
2023-07-31,NIFTY50_proxy,BEL,49,38356.4,0.4916,True
2023-07-31,NIFTY50_proxy,PIDILITIND,50,37808.2,0.4846,True
2024-01-31,NIFTY50_proxy,HDFCBANK,1,880590.4,9.8278,True
2024-01-31,NIFTY50_proxy,RELIANCE,2,828659.7,9.2482,True
2024-01-31,NIFTY50_proxy,ICICIBANK,3,684750.3,7.6421,True
2024-01-31,NIFTY50_proxy,ITC,4,556826.2,6.2144,True
2024-01-31,NIFTY50_proxy,INFY,5,525069.9,5.86,True
2024-01-31,NIFTY50_proxy,LT,6,435464.3,4.86,True
2024-01-31,NIFTY50_proxy,TCS,7,361163.6,4.0307,True
2024-01-31,NIFTY50_proxy,AXISBANK,8,291832.2,3.257,True
2024-01-31,NIFTY50_proxy,KOTAKBANK,9,261103.4,2.914,True
2024-01-31,NIFTY50_proxy,BHARTIARTL,10,246270.7,2.7485,True
2024-01-31,NIFTY50_proxy,SBIN,11,228771.3,2.5532,True
2024-01-31,NIFTY50_proxy,HINDUNILVR,12,226176.8,2.5242,True
2024-01-31,NIFTY50_proxy,BAJFINANCE,13,199803.3,2.2299,True
2024-01-31,NIFTY50_proxy,TATAMTRDVR,14,161085.1,1.7978,True
2024-01-31,NIFTY50_proxy,ASIANPAINT,15,145238.8,1.6209,True
2024-01-31,NIFTY50_proxy,M&M,16,142350.3,1.5887,True
2024-01-31,NIFTY50_proxy,TITAN,17,140582.7,1.569,True
2024-01-31,NIFTY50_proxy,HCLTECH,18,139921.9,1.5616,True
2024-01-31,NIFTY50_proxy,MARUTI,19,132290.9,1.4764,True
2024-01-31,NIFTY50_proxy,SUNPHARMA,20,130736.6,1.4591,True
2024-01-31,NIFTY50_proxy,NTPC,21,122594.7,1.3682,True
2024-01-31,NIFTY50_proxy,JSWSTEEL,22,105687.3,1.1795,True
2024-01-31,NIFTY50_proxy,ULTRACEMCO,23,102849.7,1.1478,True
2024-01-31,NIFTY50_proxy,TATASTEEL,24,102681.2,1.146,True
2024-01-31,NIFTY50_proxy,ONGC,25,100810.9,1.1251,True
2024-01-31,NIFTY50_proxy,BAJAJFINSV,26,99789.7,1.1137,True
2024-01-31,NIFTY50_proxy,INDUSINDBK,27,95836.3,1.0696,True
2024-01-31,NIFTY50_proxy,POWERGRID,28,95332.6,1.064,True
2024-01-31,NIFTY50_proxy,ADANIGREEN,29,90756.2,1.0129,True
2024-01-31,NIFTY50_proxy,ADANIENT,30,85335.9,0.9524,True
2024-01-31,NIFTY50_proxy,GRASIM,31,73684.9,0.8224,True
2024-01-31,NIFTY50_proxy,HINDALCO,32,73436.5,0.8196,True
2024-01-31,NIFTY50_proxy,BAJAJ-AUTO,33,72096.6,0.8046,True
2024-01-31,NIFTY50_proxy,COALINDIA,34,71597.1,0.7991,True
2024-01-31,NIFTY50_proxy,IOC,35,71127.2,0.7938,True
2024-01-31,NIFTY50_proxy,TECHM,36,70476.3,0.7865,True
2024-01-31,NIFTY50_proxy,ADANIPORTS,37,68913.7,0.7691,True
2024-01-31,NIFTY50_proxy,DRREDDY,38,68775.4,0.7676,True
2024-01-31,NIFTY50_proxy,CIPLA,39,66225.3,0.7391,True
2024-01-31,NIFTY50_proxy,WIPRO,40,62770.3,0.7005,True
2024-01-31,NIFTY50_proxy,DMART,41,62305.1,0.6954,True
2024-01-31,NIFTY50_proxy,TATACONSUM,42,57310.3,0.6396,True
2024-01-31,NIFTY50_proxy,BRITANNIA,43,56689.4,0.6327,True
2024-01-31,NIFTY50_proxy,SHRIRAMFIN,44,55377.0,0.618,True
2024-01-31,NIFTY50_proxy,TRENT,45,54797.0,0.6116,True
2024-01-31,NIFTY50_proxy,APOLLOHOSP,46,53818.9,0.6006,True
2024-01-31,NIFTY50_proxy,BEL,47,53425.5,0.5963,True
2024-01-31,NIFTY50_proxy,EICHERMOT,48,50362.4,0.5621,True
2024-01-31,NIFTY50_proxy,VBL,49,48953.8,0.5463,True
2024-01-31,NIFTY50_proxy,TATAPOWER,50,47717.1,0.5325,True
2024-07-31,NIFTY50_proxy,HDFCBANK,1,1030744.9,9.7266,True
2024-07-31,NIFTY50_proxy,RELIANCE,2,991990.5,9.3609,True
2024-07-31,NIFTY50_proxy,ICICIBANK,3,791598.9,7.4699,True
2024-07-31,NIFTY50_proxy,INFY,4,554454.1,5.2321,True
2024-07-31,NIFTY50_proxy,ITC,5,537014.8,5.0675,True
2024-07-31,NIFTY50_proxy,LT,6,500025.3,4.7185,True
2024-07-31,NIFTY50_proxy,TCS,7,407988.0,3.85,True
2024-07-31,NIFTY50_proxy,BHARTIARTL,8,340841.9,3.2163,True
2024-07-31,NIFTY50_proxy,AXISBANK,9,322817.8,3.0463,True
2024-07-31,NIFTY50_proxy,SBIN,10,305909.4,2.8867,True
2024-07-31,NIFTY50_proxy,KOTAKBANK,11,254460.6,2.4012,True
2024-07-31,NIFTY50_proxy,TATAMTRDVR,12,232268.7,2.1918,True
2024-07-31,NIFTY50_proxy,HINDUNILVR,13,215878.2,2.0371,True
2024-07-31,NIFTY50_proxy,M&M,14,207578.8,1.9588,True
2024-07-31,NIFTY50_proxy,BAJFINANCE,15,188334.6,1.7772,True
2024-07-31,NIFTY50_proxy,SUNPHARMA,16,168689.1,1.5918,True
2024-07-31,NIFTY50_proxy,NTPC,17,168394.3,1.589,True
2024-07-31,NIFTY50_proxy,HCLTECH,18,160420.1,1.5138,True
2024-07-31,NIFTY50_proxy,MARUTI,19,153825.8,1.4516,True
2024-07-31,NIFTY50_proxy,TITAN,20,146608.3,1.3835,True
2024-07-31,NIFTY50_proxy,ONGC,21,143671.5,1.3557,True
2024-07-31,NIFTY50_proxy,ADANIGREEN,22,138369.1,1.3057,True
2024-07-31,NIFTY50_proxy,POWERGRID,23,136805.8,1.291,True
2024-07-31,NIFTY50_proxy,ASIANPAINT,24,131563.3,1.2415,True
2024-07-31,NIFTY50_proxy,TATASTEEL,25,131343.8,1.2394,True
2024-07-31,NIFTY50_proxy,ULTRACEMCO,26,118872.3,1.1217,True
2024-07-31,NIFTY50_proxy,JSWSTEEL,27,116057.3,1.0952,True
2024-07-31,NIFTY50_proxy,BAJAJ-AUTO,28,113652.1,1.0725,True
2024-07-31,NIFTY50_proxy,IOC,29,113284.5,1.069,True
2024-07-31,NIFTY50_proxy,COALINDIA,30,105273.3,0.9934,True
2024-07-31,NIFTY50_proxy,TRENT,31,100703.3,0.9503,True
2024-07-31,NIFTY50_proxy,ADANIPORTS,32,100696.9,0.9502,True
2024-07-31,NIFTY50_proxy,BAJAJFINSV,33,100097.4,0.9446,True
2024-07-31,NIFTY50_proxy,ADANIENT,34,96994.8,0.9153,True
2024-07-31,NIFTY50_proxy,INDUSINDBK,35,95920.9,0.9052,True
2024-07-31,NIFTY50_proxy,NESTLEIND,36,90316.9,0.8523,True
2024-07-31,NIFTY50_proxy,HINDALCO,37,89684.5,0.8463,True
2024-07-31,NIFTY50_proxy,GRASIM,38,89290.6,0.8426,True
2024-07-31,NIFTY50_proxy,BEL,39,88847.7,0.8384,True
2024-07-31,NIFTY50_proxy,CIPLA,40,79079.8,0.7462,True
2024-07-31,NIFTY50_proxy,HAL,41,77989.1,0.7359,True
2024-07-31,NIFTY50_proxy,TECHM,42,76299.0,0.72,True
2024-07-31,NIFTY50_proxy,ADANIPOWER,43,75988.0,0.7171,True
2024-07-31,NIFTY50_proxy,DRREDDY,44,75754.5,0.7149,True
2024-07-31,NIFTY50_proxy,DMART,45,73664.3,0.6951,True
2024-07-31,NIFTY50_proxy,HINDZINC,46,72478.6,0.6839,True
2024-07-31,NIFTY50_proxy,VBL,47,71468.7,0.6744,True
2024-07-31,NIFTY50_proxy,WIPRO,48,71354.0,0.6733,True
2024-07-31,NIFTY50_proxy,TATAPOWER,49,71107.1,0.671,True
2024-07-31,NIFTY50_proxy,SHRIRAMFIN,50,70738.4,0.6675,True
2025-01-31,NIFTY50_proxy,HDFCBANK,1,1332696.4,11.7448,True
2025-01-31,NIFTY50_proxy,RELIANCE,2,910915.6,8.0277,True
2025-01-31,NIFTY50_proxy,ICICIBANK,3,904160.8,7.9682,True
2025-01-31,NIFTY50_proxy,INFY,4,668454.9,5.891,True
2025-01-31,NIFTY50_proxy,ITC,5,601266.2,5.2988,True
2025-01-31,NIFTY50_proxy,LT,6,496976.7,4.3798,True
2025-01-31,NIFTY50_proxy,TCS,7,435540.7,3.8383,True
2025-01-31,NIFTY50_proxy,BHARTIARTL,8,430182.6,3.7911,True
2025-01-31,NIFTY50_proxy,AXISBANK,9,322520.9,2.8423,True
2025-01-31,NIFTY50_proxy,SBIN,10,311038.5,2.7411,True
2025-01-31,NIFTY50_proxy,M&M,11,265313.9,2.3382,True
2025-01-31,NIFTY50_proxy,KOTAKBANK,12,262510.8,2.3135,True
2025-01-31,NIFTY50_proxy,HINDUNILVR,13,232849.4,2.0521,True
2025-01-31,NIFTY50_proxy,SUNPHARMA,14,198817.1,1.7521,True
2025-01-31,NIFTY50_proxy,BAJFINANCE,15,196893.6,1.7352,True
2025-01-31,NIFTY50_proxy,HCLTECH,16,192445.6,1.696,True
2025-01-31,NIFTY50_proxy,NTPC,17,181005.1,1.5952,True
2025-01-31,NIFTY50_proxy,TRENT,18,154271.9,1.3596,True
2025-01-31,NIFTY50_proxy,MARUTI,19,152724.1,1.3459,True
2025-01-31,NIFTY50_proxy,POWERGRID,20,147268.2,1.2978,True
2025-01-31,NIFTY50_proxy,ONGC,21,143883.8,1.268,True
2025-01-31,NIFTY50_proxy,TITAN,22,143809.4,1.2674,True
2025-01-31,NIFTY50_proxy,ULTRACEMCO,23,130843.6,1.1531,True
2025-01-31,NIFTY50_proxy,JSWSTEEL,24,127862.0,1.1268,True
2025-01-31,NIFTY50_proxy,BAJAJ-AUTO,25,126512.2,1.1149,True
2025-01-31,NIFTY50_proxy,ASIANPAINT,26,125928.3,1.1098,True
2025-01-31,NIFTY50_proxy,TATASTEEL,27,119799.4,1.0558,True
2025-01-31,NIFTY50_proxy,BAJAJFINSV,28,107834.2,0.9503,True
2025-01-31,NIFTY50_proxy,ADANIGREEN,29,106361.2,0.9373,True
2025-01-31,NIFTY50_proxy,BEL,30,103559.2,0.9126,True
2025-01-31,NIFTY50_proxy,COALINDIA,31,102244.2,0.9011,True
2025-01-31,NIFTY50_proxy,IOC,32,101327.5,0.893,True
2025-01-31,NIFTY50_proxy,GRASIM,33,97879.9,0.8626,True
2025-01-31,NIFTY50_proxy,ADANIPORTS,34,97703.0,0.861,True
2025-01-31,NIFTY50_proxy,HINDALCO,35,95938.3,0.8455,True
2025-01-31,NIFTY50_proxy,TECHM,36,95441.1,0.8411,True
2025-01-31,NIFTY50_proxy,SHRIRAMFIN,37,86528.5,0.7626,True
2025-01-31,NIFTY50_proxy,CIPLA,38,86361.1,0.7611,True
2025-01-31,NIFTY50_proxy,NESTLEIND,39,84968.6,0.7488,True
2025-01-31,NIFTY50_proxy,INDIGO,40,83355.7,0.7346,True
2025-01-31,NIFTY50_proxy,HAL,41,82998.7,0.7315,True
2025-01-31,NIFTY50_proxy,ADANIENT,42,81192.3,0.7155,True
2025-01-31,NIFTY50_proxy,DRREDDY,43,79956.8,0.7046,True
2025-01-31,NIFTY50_proxy,POLICYBZR,44,79867.6,0.7039,True
2025-01-31,NIFTY50_proxy,WIPRO,45,79746.1,0.7028,True
2025-01-31,NIFTY50_proxy,INDUSINDBK,46,76557.2,0.6747,True
2025-01-31,NIFTY50_proxy,HINDZINC,47,76357.8,0.6729,True
2025-01-31,NIFTY50_proxy,VBL,48,75468.8,0.6651,True
2025-01-31,NIFTY50_proxy,VEDL,49,74630.0,0.6577,True
2025-01-31,NIFTY50_proxy,MAXHEALTH,50,74370.3,0.6554,True
2025-07-31,NIFTY50_proxy,HDFCBANK,1,1439790.7,12.857,True
2025-07-31,NIFTY50_proxy,ICICIBANK,2,1022322.8,9.1291,True
2025-07-31,NIFTY50_proxy,RELIANCE,3,913358.4,8.1561,True
2025-07-31,NIFTY50_proxy,INFY,4,571418.5,5.1026,True
2025-07-31,NIFTY50_proxy,ITC,5,523459.6,4.6744,True
2025-07-31,NIFTY50_proxy,BHARTIARTL,6,496937.6,4.4375,True
2025-07-31,NIFTY50_proxy,LT,7,472581.8,4.22,True
2025-07-31,NIFTY50_proxy,TCS,8,357929.0,3.1962,True
2025-07-31,NIFTY50_proxy,AXISBANK,9,318715.3,2.846,True
2025-07-31,NIFTY50_proxy,KOTAKBANK,10,303309.5,2.7085,True
2025-07-31,NIFTY50_proxy,SBIN,11,302530.3,2.7015,True
2025-07-31,NIFTY50_proxy,M&M,12,269388.4,2.4056,True
2025-07-31,NIFTY50_proxy,HINDUNILVR,13,209186.4,1.868,True
2025-07-31,NIFTY50_proxy,BAJFINANCE,14,186736.5,1.6675,True
2025-07-31,NIFTY50_proxy,SUNPHARMA,15,186066.2,1.6615,True
2025-07-31,NIFTY50_proxy,HCLTECH,16,171389.2,1.5305,True
2025-07-31,NIFTY50_proxy,MARUTI,17,161291.3,1.4403,True
2025-07-31,NIFTY50_proxy,NTPC,18,159865.0,1.4276,True
2025-07-31,NIFTY50_proxy,TITAN,19,140746.7,1.2568,True
2025-07-31,NIFTY50_proxy,ULTRACEMCO,20,135054.1,1.206,True
2025-07-31,NIFTY50_proxy,JSWSTEEL,21,134968.1,1.2052,True
2025-07-31,NIFTY50_proxy,POWERGRID,22,130903.2,1.1689,True
2025-07-31,NIFTY50_proxy,ONGC,23,124987.4,1.1161,True
2025-07-31,NIFTY50_proxy,BAJAJFINSV,24,123671.5,1.1044,True
2025-07-31,NIFTY50_proxy,TATASTEEL,25,122193.4,1.0912,True
2025-07-31,NIFTY50_proxy,TRENT,26,120584.6,1.0768,True
2025-07-31,NIFTY50_proxy,BEL,27,120262.6,1.0739,True
2025-07-31,NIFTY50_proxy,ASIANPAINT,28,105459.2,0.9417,True
2025-07-31,NIFTY50_proxy,INDIGO,29,104631.5,0.9343,True
2025-07-31,NIFTY50_proxy,BAJAJ-AUTO,30,103568.6,0.9248,True
2025-07-31,NIFTY50_proxy,GRASIM,31,99093.0,0.8849,True
2025-07-31,NIFTY50_proxy,ADANIPORTS,32,94495.8,0.8438,True
2025-07-31,NIFTY50_proxy,HINDALCO,33,94282.8,0.8419,True
2025-07-31,NIFTY50_proxy,IOC,34,91141.6,0.8139,True
2025-07-31,NIFTY50_proxy,SHRIRAMFIN,35,89742.5,0.8014,True
2025-07-31,NIFTY50_proxy,BSE,36,89473.3,0.799,True
2025-07-31,NIFTY50_proxy,TECHM,37,88961.4,0.7944,True
2025-07-31,NIFTY50_proxy,COALINDIA,38,87932.8,0.7852,True
2025-07-31,NIFTY50_proxy,CIPLA,39,84964.9,0.7587,True
2025-07-31,NIFTY50_proxy,MAXHEALTH,40,84397.8,0.7537,True
2025-07-31,NIFTY50_proxy,NESTLEIND,41,83603.2,0.7466,True
2025-07-31,NIFTY50_proxy,HAL,42,82528.0,0.737,True
2025-07-31,NIFTY50_proxy,DIVISLAB,43,79105.1,0.7064,True
2025-07-31,NIFTY50_proxy,POLICYBZR,44,75952.6,0.6782,True
2025-07-31,NIFTY50_proxy,WIPRO,45,75819.2,0.677,True
2025-07-31,NIFTY50_proxy,EICHERMOT,46,74744.4,0.6674,True
2025-07-31,NIFTY50_proxy,DRREDDY,47,74414.8,0.6645,True
2025-07-31,NIFTY50_proxy,ADANIENT,48,73981.0,0.6606,True
2025-07-31,NIFTY50_proxy,VEDL,49,70790.3,0.6321,True
2025-07-31,NIFTY50_proxy,APOLLOHOSP,50,69784.8,0.6232,True
2026-01-31,NIFTY50_proxy,HDFCBANK,1,1495500.7,12.5644,True
2026-01-31,NIFTY50_proxy,RELIANCE,2,1064465.3,8.9431,True
2026-01-31,NIFTY50_proxy,ICICIBANK,3,1033557.4,8.6834,True
2026-01-31,NIFTY50_proxy,BHARTIARTL,4,577363.1,4.8507,True
2026-01-31,NIFTY50_proxy,INFY,5,544628.4,4.5757,True
2026-01-31,NIFTY50_proxy,LT,6,528705.3,4.4419,True
2026-01-31,NIFTY50_proxy,ITC,7,497544.2,4.1801,True
2026-01-31,NIFTY50_proxy,SBIN,8,371190.5,3.1185,True
2026-01-31,NIFTY50_proxy,AXISBANK,9,340702.6,2.8624,True
2026-01-31,NIFTY50_proxy,M&M,10,323348.2,2.7166,True
2026-01-31,NIFTY50_proxy,TCS,11,318770.8,2.6781,True
2026-01-31,NIFTY50_proxy,KOTAKBANK,12,305051.5,2.5629,True
2026-01-31,NIFTY50_proxy,HINDUNILVR,13,221510.2,1.861,True
2026-01-31,NIFTY50_proxy,MARUTI,14,204963.3,1.722,True
2026-01-31,NIFTY50_proxy,SUNPHARMA,15,184006.6,1.5459,True
2026-01-31,NIFTY50_proxy,HCLTECH,16,165354.0,1.3892,True
2026-01-31,NIFTY50_proxy,NTPC,17,158455.5,1.3313,True
2026-01-31,NIFTY50_proxy,TITAN,18,156896.2,1.3182,True
2026-01-31,NIFTY50_proxy,GRASIM,19,156472.6,1.3146,True
2026-01-31,NIFTY50_proxy,JSWSTEEL,20,150973.5,1.2684,True
2026-01-31,NIFTY50_proxy,BEL,21,144086.3,1.2105,True
2026-01-31,NIFTY50_proxy,ULTRACEMCO,22,142476.3,1.197,True
2026-01-31,NIFTY50_proxy,TATASTEEL,23,140290.5,1.1786,True
2026-01-31,NIFTY50_proxy,ONGC,24,135075.2,1.1348,True
2026-01-31,NIFTY50_proxy,BAJAJFINSV,25,133171.0,1.1188,True
2026-01-31,NIFTY50_proxy,POWERGRID,26,125009.9,1.0503,True
2026-01-31,NIFTY50_proxy,INDIGO,27,123065.3,1.0339,True
2026-01-31,NIFTY50_proxy,ASIANPAINT,28,119280.7,1.0021,True
2026-01-31,NIFTY50_proxy,HINDALCO,29,116807.1,0.9814,True
2026-01-31,NIFTY50_proxy,BAJAJ-AUTO,30,112898.5,0.9485,True
2026-01-31,NIFTY50_proxy,SHRIRAMFIN,31,108230.3,0.9093,True
2026-01-31,NIFTY50_proxy,ADANIPORTS,32,103899.5,0.8729,True
2026-01-31,NIFTY50_proxy,BSE,33,103889.9,0.8728,True
2026-01-31,NIFTY50_proxy,IOC,34,103831.1,0.8723,True
2026-01-31,NIFTY50_proxy,TRENT,35,103425.4,0.8689,True
2026-01-31,NIFTY50_proxy,JIOFIN,36,98945.6,0.8313,True
2026-01-31,NIFTY50_proxy,EICHERMOT,37,95796.7,0.8048,True
2026-01-31,NIFTY50_proxy,COALINDIA,38,89104.8,0.7486,True
2026-01-31,NIFTY50_proxy,NESTLEIND,39,88445.6,0.7431,True
2026-01-31,NIFTY50_proxy,TECHM,40,87443.0,0.7346,True
2026-01-31,NIFTY50_proxy,VEDL,41,87258.1,0.7331,True
2026-01-31,NIFTY50_proxy,HAL,42,86675.8,0.7282,True
2026-01-31,NIFTY50_proxy,CIPLA,43,86665.3,0.7281,True
2026-01-31,NIFTY50_proxy,MAXHEALTH,44,83593.2,0.7023,True
2026-01-31,NIFTY50_proxy,TVSMOTOR,45,82917.1,0.6966,True
2026-01-31,NIFTY50_proxy,HINDZINC,46,82420.3,0.6925,True
2026-01-31,NIFTY50_proxy,POLICYBZR,47,80751.2,0.6784,True
2026-01-31,NIFTY50_proxy,DIVISLAB,48,80401.3,0.6755,True
2026-01-31,NIFTY50_proxy,PAYTM,49,79876.7,0.6711,True
2026-01-31,NIFTY50_proxy,TMPV,50,77493.7,0.6511,True
